ID,collection_date,longitude,latitude,days_collection
2,2024-01-22,4006393.46577551,2954508.89966757,0
1,2024-01-27,4008410.89878671,2955560.8661246,5
4,2024-02-18,4004979.43277889,2957093.80129016,27
3,2024-02-19,4005297.11129987,2955431.86571236,28
5,2024-02-19,4005029.97774359,2955183.87322808,28
6,2024-02-21,4003656.15628388,2952440.06144217,30
7,2024-02-21,4004973.34769511,2952968.52369996,30
9,2024-03-15,4003544.21525933,2953022.8161915,53
8,2024-03-17,4009583.26863354,2957322.89636613,55
12,2024-04-03,4005638.95210115,2957446.8037265,72
15,2024-04-03,4013697.52174767,2956779.5699015,72
13,2024-04-06,4000106.93196522,2955999.47473408,75
19,2024-04-29,4013916.6628434,2961392.24000444,98
22,2024-05-02,4006341.49048865,2960112.38675613,101
25,2024-05-08,4010954.82526247,2958341.35914005,107
26,2024-05-15,4014554.9728069,2959974.75383435,114
29,2024-05-21,4001583.09955439,2953597.7777627,120
32,2024-05-23,4010419.5538991,2966752.6768507,122
28,2024-05-24,3994749.70066712,2954624.93154512,123
45,2024-06-12,3997718.94386812,2957938.78325373,142
50,2024-06-13,4027706.7034585,2962241.38553734,143
46,2024-06-15,4003057.33861946,2949316.16717866,145
49,2024-06-18,4016248.04487804,2960519.00551818,148
64,2024-06-19,4003702.58683237,2947332.28419808,149
51,2024-06-20,4016714.18029615,2958496.65762438,150
58,2024-06-20,3995285.14371948,2955495.95851862,150
61,2024-06-25,4023168.5997295,2962560.89507671,155
88,2024-06-28,4001877.82240411,2957859.59300317,158
57,2024-06-29,3999311.15787554,2957873.50392813,159
69,2024-07-01,4003195.99220402,2960656.29958777,161
71,2024-07-03,3990416.77776053,2957309.83963322,163
93,2024-07-06,3997464.18194088,2951797.11828875,166
108,2024-07-06,4025667.74367483,2962870.7723738,166
96,2024-07-10,4009727.85918882,2951089.4381431,170
117,2024-07-10,4000791.02868184,2963117.87518104,170
82,2024-07-12,4032701.80247653,2960865.67880838,172
129,2024-07-12,3998555.29103242,2954152.40497858,172
100,2024-07-20,4009440.7316356,2965626.17865209,180
102,2024-07-21,3995321.56450531,2944067.93684093,181
131,2024-07-23,4007329.8749015,2968019.36864065,183
107,2024-07-25,3989018.4174651,2957212.60746241,185
128,2024-07-25,4007357.96701128,2963880.1110403,185
124,2024-07-28,4029121.91943815,2960958.69076258,188
142,2024-07-31,4010910.1596746,2953080.86616717,191
158,2024-08-03,3995065.65917353,2943862.47207847,194
194,2024-08-04,4013556.25184825,2955329.89590355,195
141,2024-08-06,3994037.02188527,2955670.11636121,197
152,2024-08-08,3997737.27286125,2943775.53529606,199
155,2024-08-08,4035814.86483746,2961673.799412,199
146,2024-08-09,4017763.0539334,2972317.7903458,200
164,2024-08-09,4022220.99247614,2965841.13215074,200
157,2024-08-11,4015168.4625513,2970761.46622209,202
203,2024-08-12,4029868.30936157,2960711.67411631,203
223,2024-08-14,4008913.70432223,2967598.10025304,205
173,2024-08-15,3993819.43277717,2949217.76329942,206
182,2024-08-15,4012841.18792844,2971486.55452416,206
207,2024-08-16,3995327.15180656,2953715.70833135,207
181,2024-08-17,4008478.02105201,2971940.81709226,208
189,2024-08-18,4024082.62429154,2964471.78986249,209
218,2024-08-18,4007914.16758502,2950725.08728501,209
249,2024-08-18,4010888.29390411,2970023.25417689,209
186,2024-08-19,4007575.76455676,2969702.81286797,210
191,2024-08-19,4012697.63736221,2952284.50348644,210
193,2024-08-20,3991522.22203467,2940342.66004712,211
236,2024-08-20,4034611.2852038,2962397.46296232,211
244,2024-08-21,4015637.57249933,2973297.78024713,212
248,2024-08-21,4011314.29140952,2964428.79967736,212
197,2024-08-22,4017584.59503053,2976204.94457834,213
196,2024-08-24,4007658.89561173,2962696.85166453,215
254,2024-08-24,3990523.02418419,2952230.49526806,215
227,2024-08-26,3994149.91561417,2957072.59403397,217
288,2024-08-26,3987536.59939136,2951594.28375437,217
295,2024-08-27,4035533.59127287,2959274.61653003,218
205,2024-08-28,3991438.36216261,2947311.59993781,219
308,2024-08-28,4011657.05634961,2972123.51735965,219
234,2024-08-29,3999685.75994235,2945644.83830465,220
331,2024-08-30,3992438.49212631,2956435.57664542,221
232,2024-08-31,3993213.69971204,2940303.42915488,222
240,2024-08-31,3994913.05838298,2952127.66354042,222
253,2024-09-01,4025538.04440437,2959187.80555998,223
233,2024-09-02,4025519.14418414,2959390.25659904,224
338,2024-09-02,3991055.11474486,2958099.6944652,224
284,2024-09-03,3997202.47380415,2945614.81557378,225
297,2024-09-03,4015193.92317383,2969851.25686057,225
326,2024-09-03,4011574.64674366,2975088.92636842,225
283,2024-09-04,3995814.12331427,2957718.61321489,226
263,2024-09-06,4006833.76915355,2969735.75981635,228
268,2024-09-07,3990861.57380862,2954892.06040725,229
278,2024-09-08,4013196.0619622,2949894.76985175,230
315,2024-09-08,4016467.66323893,2963480.93836627,230
256,2024-09-09,4002062.02207316,2969069.63476149,231
314,2024-09-09,4037206.14993306,2961349.70794842,231
281,2024-09-10,4010167.52366087,2973986.04435563,232
353,2024-09-11,4022199.38162567,2960702.29717821,233
389,2024-09-11,3997857.19461725,2968051.63636227,233
269,2024-09-12,4013962.5161902,2975470.75316452,234
391,2024-09-12,4004867.57692653,2963137.00631542,234
377,2024-09-14,3999429.51321697,2960926.81401941,236
397,2024-09-14,4001010.29885652,2945123.23498857,236
310,2024-09-15,4004686.1229853,2963583.66704242,237
325,2024-09-15,4012638.33808674,2968995.91541858,237
296,2024-09-16,4000182.44080982,2970147.60538247,238
329,2024-09-18,3989760.68445417,2951326.66021436,240
471,2024-09-18,3999490.42039016,2967544.50246284,240
309,2024-09-19,3989960.54675055,2942797.97100636,241
343,2024-09-21,4004783.04348558,2969790.47413977,243
339,2024-09-23,3989252.2457613,2960578.56074243,245
350,2024-09-23,4021833.40873985,2969199.86464445,245
354,2024-09-23,4029180.14921487,2955584.16817183,245
351,2024-09-25,4003380.38752765,2984238.86943703,247
359,2024-09-26,4002147.56026617,2940346.79947451,248
385,2024-09-26,3992316.7696394,2938291.55319097,248
416,2024-09-27,4000827.62260229,2944217.35952493,249
388,2024-09-28,4001155.25758141,2967170.05784112,250
508,2024-10-01,3995647.55710659,2937937.93884257,253
421,2024-10-02,4036567.04146584,2965997.18735169,254
455,2024-10-02,4001572.5312161,2970664.98037353,254
405,2024-10-03,4013438.7404391,2976922.34035516,255
436,2024-10-04,4010773.34435597,2977210.65828386,256
502,2024-10-05,4002200.2130589,2949821.59788884,257
430,2024-10-07,3992867.48847761,2962746.43927335,259
431,2024-10-07,4018970.27162437,2966573.79025922,259
454,2024-10-07,4015077.73792943,2975267.9127247,259
557,2024-10-08,3984774.82040586,2970760.81500115,260
435,2024-10-10,3981809.29004783,2954942.97917714,262
438,2024-10-10,4037069.5328527,2967445.49944682,262
466,2024-10-11,3988740.24911336,2942593.18657482,263
503,2024-10-11,4011041.82932558,2978795.25634378,263
649,2024-10-11,4020308.74922795,2966741.87690527,263
494,2024-10-12,3997434.15020843,2939797.36178901,264
477,2024-10-13,4017855.97051635,2966422.3212824,265
686,2024-10-13,3987726.68121045,2941922.92540735,265
706,2024-10-13,4002597.45624993,2964022.24862612,265
489,2024-10-14,4042758.35715577,2970356.11229627,266
496,2024-10-14,4019219.6107905,2965291.51573431,266
606,2024-10-14,3995956.83545506,2941510.79290734,266
476,2024-10-15,3992703.96679632,2961917.24343078,267
617,2024-10-16,4002348.44075291,2941140.3831507,268
506,2024-10-18,4015116.81738113,2963404.50936757,270
519,2024-10-18,4034214.49197958,2968561.42071764,270
533,2024-10-18,4017240.98081265,2971848.41244046,270
571,2024-10-18,4017471.67838425,2956395.73165671,270
699,2024-10-18,3998946.26933034,2946987.67735149,270
569,2024-10-19,4019821.0571387,2974901.68105678,271
697,2024-10-20,3980358.13046423,2952750.07264111,272
545,2024-10-21,4020829.82870101,2977873.6467911,273
785,2024-10-21,4018004.85116905,2964740.38496685,273
794,2024-10-21,4003568.5393346,2941594.71847153,273
582,2024-10-22,4006306.49732325,2976227.71147809,274
589,2024-10-22,3984367.46880736,2943262.38812195,274
707,2024-10-22,3991272.67579463,2960021.72205919,274
574,2024-10-23,3994417.69417379,2963134.93455149,275
666,2024-10-23,4008949.91587053,2975207.83071036,275
587,2024-10-24,4009002.14536561,2975684.86325261,276
576,2024-10-25,4025442.36187252,2972619.34596271,277
796,2024-10-25,4018488.40045633,2957180.92354526,277
845,2024-10-25,3978330.53278552,2955506.58866751,277
565,2024-10-26,4006570.32204861,2937452.70457342,278
602,2024-10-26,4011574.06434497,2978481.24678759,278
604,2024-10-26,3996477.25837805,2961141.49477323,278
632,2024-10-26,3990572.8836751,2952865.2882498,278
729,2024-10-26,3982723.85350206,2950405.72283926,278
824,2024-10-26,4007524.75880653,2978138.00799269,278
850,2024-10-26,4006567.62301447,2945038.44053648,278
616,2024-10-27,4043158.94975835,2968136.78315507,279
764,2024-10-27,4023121.46764924,2980177.47352466,279
618,2024-10-28,3995257.81709015,2961392.95119526,280
669,2024-10-28,4038686.56740517,2963764.61082479,280
810,2024-10-28,4015849.97510071,2965030.7634394,280
820,2024-10-28,3985735.659351,2939926.61000312,280
659,2024-10-29,4008675.2024108,2978296.40230083,281
835,2024-10-29,4012512.46318875,2944910.81995269,281
664,2024-10-30,4003866.33982953,2967828.33444738,282
665,2024-10-30,4012635.74264017,2949486.16262246,282
779,2024-10-30,3998085.41665101,2970072.77111533,282
690,2024-10-31,4011358.82317004,2980850.47439296,283
646,2024-11-01,3987873.81143072,2953745.82534227,284
745,2024-11-02,4037665.08842881,2965142.10605316,285
969,2024-11-02,4002528.79241605,2941781.60231736,285
720,2024-11-03,4017155.3397716,2953384.11113894,286
696,2024-11-05,4006915.53256813,2975248.38638737,288
1030,2024-11-05,4006205.8844079,2937544.82941776,288
1068,2024-11-05,4002044.46365502,2939985.61310617,288
716,2024-11-06,3981020.69092508,2936952.36575944,289
727,2024-11-06,3986713.36004024,2940220.66470657,289
1035,2024-11-06,3982283.45503024,2948965.55080392,289
773,2024-11-07,3996157.71607626,2941464.48370541,290
906,2024-11-07,4006018.76727149,2976265.40592248,290
1102,2024-11-07,4008546.04882125,2946436.43014852,290
746,2024-11-08,4040239.00661069,2959468.43776554,291
909,2024-11-08,3977583.8369179,2947519.30807967,291
937,2024-11-08,3987430.72010344,2958549.70666542,291
743,2024-11-10,4013007.17208151,2946064.35194469,293
783,2024-11-10,4029250.44340146,2954651.23328001,293
1241,2024-11-10,4002417.97691989,2972354.31909387,293
877,2024-11-11,4000257.98445824,2942253.22199461,294
975,2024-11-13,3984335.02354678,2941730.47314532,296
1215,2024-11-15,4018171.71692458,2975807.52164827,298
1002,2024-11-16,3987716.86871577,2955446.17594562,299
1264,2024-11-16,3979860.77218452,2947200.64422551,299
1357,2024-11-16,4031482.78211997,2954451.80374727,299
913,2024-11-17,4019678.11884428,2977601.52593357,300
1015,2024-11-17,4004020.27422776,2975605.10498024,300
1276,2024-11-17,3981994.16049342,2933546.3855707,300
931,2024-11-18,4003053.22308587,2979183.58781789,301
943,2024-11-18,3986588.94613981,2952173.57372978,301
964,2024-11-18,3981740.39852884,2936502.36610761,301
983,2024-11-19,3978292.54731011,2932836.02691233,302
1228,2024-11-19,3977770.27292087,2929573.38831691,302
1299,2024-11-19,4019811.66153034,2971851.75903643,302
1019,2024-11-20,3986113.60209369,2943147.62730746,303
1189,2024-11-20,3978842.21846003,2937792.35625345,303
1413,2024-11-20,3994252.85992176,2974785.2529834,303
1060,2024-11-21,4017034.97439178,2947131.82232019,304
1302,2024-11-21,3987460.88146192,2938309.49824538,304
982,2024-11-22,4006837.62762644,2979875.79688357,305
999,2024-11-22,4023029.90526621,2969179.71236328,305
956,2024-11-23,4015296.32036406,2978500.1605101,306
1050,2024-11-24,4019322.14860014,2969557.51773414,307
1376,2024-11-24,3988917.98527338,2947384.53795615,307
1057,2024-11-25,3992663.226207,2971065.63447967,308
1095,2024-11-25,4036979.39056519,2957559.92157819,308
1014,2024-11-26,4020291.51393816,2951245.36957151,309
1457,2024-11-26,3983076.9367432,2947231.16160785,309
1395,2024-11-27,4028352.95346996,2955105.10015073,310
1466,2024-11-27,4000583.52299932,2979679.45440651,310
1213,2024-11-28,3997323.84850461,2939324.46254461,311
1472,2024-11-28,4002402.38630478,2975034.79929411,311
1180,2024-11-30,4000180.83248327,2940739.28237626,313
1272,2024-11-30,3982440.07804819,2941010.81790303,313
1317,2024-12-01,4000597.00533978,2978630.12891708,314
1345,2024-12-01,3984526.82321532,2942320.93777599,314
1394,2024-12-01,4014955.33691693,2944266.00753621,314
1578,2024-12-01,4020892.96707285,2981911.59735972,314
1955,2024-12-01,4003418.54130617,2974306.24540289,314
1274,2024-12-02,4028295.87489594,2957131.05321217,315
1542,2024-12-02,3993177.69161503,2972624.91601271,315
1576,2024-12-02,4014348.44940009,2983771.23883876,315
1179,2024-12-03,4016115.43733586,2984453.796901,316
1439,2024-12-03,3981368.81654142,2937748.14168693,316
1270,2024-12-04,4016432.17547779,2946604.51331787,317
1606,2024-12-04,4015832.06088749,2984976.35988838,317
1663,2024-12-04,4014126.7463167,2944593.54225415,317
1758,2024-12-04,3997469.53335556,2972978.2267632,317
1841,2024-12-04,3979246.76262335,2946210.93634598,317
1377,2024-12-05,4014950.64850227,2983698.24904254,318
1383,2024-12-05,3993293.55936235,2967674.74957046,318
1402,2024-12-05,4015562.60994788,2978179.42827666,318
1639,2024-12-05,3970738.49926861,2927035.98985462,318
1674,2024-12-05,3979699.65587785,2930988.72683507,318
2074,2024-12-05,3992444.67395602,2965312.01042243,318
2075,2024-12-06,3981222.30933802,2934250.51636743,319
1310,2024-12-08,3994767.67408199,2947564.54301045,321
1407,2024-12-08,3991801.56622476,2946856.55668249,321
1468,2024-12-09,3986790.30861104,2960353.78618794,322
1511,2024-12-09,4037566.13225421,2953483.94391261,322
1569,2024-12-09,3991289.09219726,2966950.23375292,322
1579,2024-12-09,3978293.91377447,2931487.56378304,322
1791,2024-12-09,4000408.71225703,2978261.95146172,322
1366,2024-12-10,3987519.2743025,2946742.11079695,323
1412,2024-12-10,4020444.23274621,2950898.29706824,323
1470,2024-12-10,3981559.03084286,2934097.33425251,323
1678,2024-12-10,4017944.38119799,2951909.28951064,323
1697,2024-12-10,3990004.39950088,2942666.03572536,323
1811,2024-12-10,4009057.06938188,2944576.33937942,323
1443,2024-12-11,3994973.62261246,2971592.89108013,324
1464,2024-12-11,4015083.42989093,2981850.40490341,324
1471,2024-12-11,3982736.31040551,2961772.49425424,324
1498,2024-12-11,4020064.75280027,2974949.41649897,324
1500,2024-12-11,3999499.78360856,2979789.92078441,324
1545,2024-12-11,3983788.20516482,2960824.12644011,324
1622,2024-12-11,3992270.76556471,2974106.96782019,324
1720,2024-12-11,4016746.19197671,2951275.00856906,324
1795,2024-12-11,3993643.89431141,2971344.21433389,324
1812,2024-12-11,3985870.80542354,2959343.64004614,324
2067,2024-12-11,4053862.15105957,2952705.20621491,324
2295,2024-12-11,4014803.1668326,2979560.42093574,324
1680,2024-12-12,4031357.75999157,2964291.13319012,325
2014,2024-12-12,3984976.93688501,2961084.16294344,325
1583,2024-12-13,3979322.82663676,2933717.07231032,326
1763,2024-12-14,4016208.74926785,2951977.82480114,327
1497,2024-12-15,4019737.78557917,2977537.63354763,328
1547,2024-12-15,4031553.46979237,2954309.7517118,328
1655,2024-12-15,3985663.50487239,2939772.60141862,328
1687,2024-12-15,3995182.16983063,2968908.74010517,328
1787,2024-12-15,3992374.65356514,2949774.58696794,328
1939,2024-12-16,4034723.13020183,2956109.43463929,329
2279,2024-12-16,3996269.07637258,2971807.73724646,329
1551,2024-12-17,4039705.38827898,2958039.9052215,330
1688,2024-12-17,3984025.39951858,2960333.11294954,330
1756,2024-12-17,4016788.55064447,2979065.76851197,330
2229,2024-12-17,4022646.94230325,2976875.50715073,330
1695,2024-12-18,3999320.33055133,2978995.29855016,331
1752,2024-12-18,4004469.18913432,2979090.44738945,331
1803,2024-12-18,4002849.09628902,2942285.74177234,331
1905,2024-12-18,4012486.61422953,2944908.51823218,331
1922,2024-12-18,4000660.01195487,2942103.40646142,331
1947,2024-12-18,4020046.31700202,2952875.33017794,331
2228,2024-12-18,3973941.44360706,2927756.56637047,331
1821,2024-12-19,4007688.78431984,2979749.14645732,332
1875,2024-12-19,3994341.66601088,2968623.24376156,332
1988,2024-12-19,3977675.876598,2928986.10001787,332
2518,2024-12-19,4015806.12089967,2985147.84517871,332
2600,2024-12-19,4015759.55950459,2950689.76322401,332
1797,2024-12-20,3997725.87964191,2971884.46789717,333
1818,2024-12-20,4040411.75911695,2955689.91711063,333
1888,2024-12-20,4026810.56826736,2991192.91150359,333
2121,2024-12-20,4005808.911531,2979700.79808274,333
2927,2024-12-20,4017389.59685952,2985738.03535759,333
1705,2024-12-21,3983628.02630432,2943135.76868255,334
1882,2024-12-21,3994028.04566904,2949119.54797452,334
2049,2024-12-21,3987275.83029814,2943135.93937736,334
2494,2024-12-21,3978838.34413278,2936634.14929161,334
2531,2024-12-21,4014531.05076892,2987702.94491683,334
1740,2024-12-22,4028176.12793631,2971323.51247466,335
1991,2024-12-22,4019939.33388954,2980776.64264533,335
2026,2024-12-22,3981751.25664758,2938032.57296301,335
2265,2024-12-22,4037806.54323268,2954719.36480736,335
2579,2024-12-22,4014629.27443509,2982615.21125245,335
1767,2024-12-23,3992949.27036967,2971063.35551427,336
1820,2024-12-23,3994681.4139526,2968427.1711443,336
1923,2024-12-23,3998540.54846481,2941680.27223924,336
2174,2024-12-23,4003744.84051174,2978082.64410985,336
2369,2024-12-23,3985378.6146769,2957130.59598815,336
2475,2024-12-23,4020908.18275896,2976969.61223823,336
2784,2024-12-23,3976424.63446462,2929438.37506037,336
2905,2024-12-23,4033727.48256491,2964214.55691445,336
1959,2024-12-24,4013434.25911693,2982849.93864978,337
2011,2024-12-24,4032115.29791919,2956021.96616386,337
2054,2024-12-24,3991368.34286131,2967584.27613897,337
2079,2024-12-24,3984080.97619752,2961701.69020214,337
2492,2024-12-24,3990534.05812965,2968353.35043928,337
2759,2024-12-24,4014307.23752333,2980646.86975462,337
1886,2024-12-25,4017025.51997763,2988073.73627998,338
1912,2024-12-25,4039272.4346463,2955880.47341023,338
2134,2024-12-25,4016317.88764897,2983252.53311627,338
2176,2024-12-25,4036497.3797061,2954456.03385062,338
2001,2024-12-26,4023420.95529378,2984833.08322371,339
2111,2024-12-26,4016587.17630894,2982619.78013763,339
2677,2024-12-26,3993876.33903091,2969907.63667178,339
3092,2024-12-26,3983328.99233974,2957588.90341861,339
2068,2024-12-27,4014214.35481242,2968531.92922526,340
2171,2024-12-27,4027670.29708085,2969229.62220865,340
2103,2024-12-28,4018865.68821594,2982417.88317436,341
2166,2024-12-28,3983187.86857825,2954905.82111373,341
2991,2024-12-28,4000486.06616265,2977397.20575195,341
3166,2024-12-28,4021323.94562662,2953635.73728433,341
2235,2024-12-29,3990142.75841931,2976594.047442,342
2239,2024-12-29,4035686.23919363,2955457.36859069,342
2360,2024-12-29,3985229.38030608,2933572.73097676,342
2434,2024-12-29,4022170.92903478,2955046.84206983,342
2488,2024-12-29,3983544.70900135,2957596.71064352,342
2206,2024-12-30,3981428.61721592,2963113.5720617,343
3196,2024-12-30,4007223.96612796,2981184.4850339,343
2190,2025-01-01,4020005.4091244,2951693.61326065,345
2205,2025-01-01,3998943.61477752,2976310.49094134,345
2208,2025-01-01,3984166.12683672,2947984.71965142,345
2285,2025-01-01,4023882.11400593,2972694.64269168,345
2287,2025-01-01,4033379.57872712,2965982.48147136,345
2293,2025-01-01,4016940.60951536,2977968.78716702,345
2317,2025-01-01,4001776.4035028,2979589.74627248,345
2321,2025-01-01,3993852.11322744,2966891.94634256,345
2322,2025-01-01,3983546.78810441,2962367.52276311,345
2323,2025-01-01,3985819.55430174,2951250.04520827,345
2340,2025-01-01,4018433.72824709,2956575.94414851,345
2354,2025-01-01,3973650.28184794,2928399.58304328,345
2363,2025-01-01,4001031.81798738,2946134.50098055,345
2374,2025-01-01,3998198.82622675,2940496.0116241,345
2407,2025-01-01,3981681.37434542,2963207.70643604,345
2418,2025-01-01,3981219.39824204,2960141.67654823,345
2433,2025-01-01,4021248.87705188,2953220.73968923,345
2462,2025-01-01,3991194.09568498,2976618.3526939,345
2463,2025-01-01,3993235.9828154,2973818.015748,345
2470,2025-01-01,4005414.51016145,2943623.89907401,345
2489,2025-01-01,4040495.80545918,2964871.7704482,345
2509,2025-01-01,4005185.79583562,2937707.23311492,345
2519,2025-01-01,4024599.09377573,2991465.61777341,345
2544,2025-01-01,3981271.39184363,2958912.56115219,345
2615,2025-01-01,4025091.45241666,2969628.71945751,345
2616,2025-01-01,3986124.44896938,2954412.21534466,345
2617,2025-01-01,3992001.11119555,2945236.44851748,345
2619,2025-01-01,4039393.46981037,2955475.09505488,345
2690,2025-01-01,4003091.30112482,2973789.20023607,345
2695,2025-01-01,3989127.06138467,2973221.05331232,345
2708,2025-01-01,3993188.86303045,2966835.21951449,345
2712,2025-01-01,3991127.69928358,2973764.32530029,345
2714,2025-01-01,3982539.9184664,2958255.52434328,345
2717,2025-01-01,3986486.33269833,2952985.27466082,345
2742,2025-01-01,4037222.33141645,2965653.02939535,345
2750,2025-01-01,3977310.41977253,2937874.46274112,345
2754,2025-01-01,4039894.07896288,2956866.57187651,345
2764,2025-01-01,3978935.12722215,2927349.45801916,345
2777,2025-01-01,4015452.46825234,2967746.28896607,345
2801,2025-01-01,3990291.68990502,2947852.6426368,345
2812,2025-01-01,4020927.99753732,2989141.65300885,345
2828,2025-01-01,4033000.29209971,2956119.96820554,345
2840,2025-01-01,4002815.59138077,2973151.58128629,345
2874,2025-01-01,4038228.8997728,2955426.33868538,345
2876,2025-01-01,3993794.35314053,2948885.47209153,345
2892,2025-01-01,4015284.16033642,2987984.440572,345
2903,2025-01-01,4036762.55401198,2956375.63040419,345
2929,2025-01-01,4038958.57564961,2959532.73774504,345
2931,2025-01-01,4025299.142118,2953684.889731,345
2940,2025-01-01,4022918.94998571,2990850.35365768,345
2949,2025-01-01,3972419.14377043,2930518.10389321,345
2952,2025-01-01,4009159.9352539,2944140.99817697,345
2962,2025-01-01,3984369.36798669,2947527.82642254,345
2974,2025-01-01,4007059.08932779,2944960.65588087,345
2975,2025-01-01,3993474.65254865,2948853.13110534,345
2979,2025-01-01,3991310.08539372,2971346.74884382,345
2986,2025-01-01,3992007.35413981,2976047.20067367,345
2994,2025-01-01,4009673.17383299,2981805.81202688,345
3000,2025-01-01,4020457.50740315,2953396.17767089,345
3028,2025-01-01,3985297.60007818,2931107.37349027,345
3037,2025-01-01,4023604.90645048,2995223.53085513,345
3047,2025-01-01,4028182.89576624,2979148.34282017,345
3048,2025-01-01,3988290.18169212,2973524.66063244,345
3060,2025-01-01,4010730.56868437,2981466.30067207,345
3066,2025-01-01,4037684.79125009,2956413.34427761,345
3081,2025-01-01,4031473.547252,2955951.96898929,345
3118,2025-01-01,4019501.14914846,2986434.33659769,345
3124,2025-01-01,3993631.46841082,2930894.57757489,345
3133,2025-01-01,4013324.31246607,2988559.30653526,345
3143,2025-01-01,4017113.36428616,2986059.40498301,345
3153,2025-01-01,3983253.13951645,2962511.97056963,345
3165,2025-01-01,4021526.96331205,2954529.66435785,345
3168,2025-01-01,4025406.29508266,2952240.40231763,345
3189,2025-01-01,4039145.06347525,2953660.15455038,345
3231,2025-01-01,3981832.68279946,2934284.1330526,345
3235,2025-01-01,4021546.40797073,2953988.29311204,345
3252,2025-01-01,4035489.30122483,2965854.44969329,345
3253,2025-01-01,4026780.26951352,2969660.29859673,345
3258,2025-01-01,4021962.67037516,2983351.99313054,345
3291,2025-01-01,3981597.86173419,2970403.4149034,345
3310,2025-01-01,4022578.65682359,2986400.44360421,345
3317,2025-01-01,4013318.66011222,2984493.04084841,345
3322,2025-01-01,3981546.14441152,2963920.70552547,345
3328,2025-01-01,4035245.16011689,2955374.56183535,345
3360,2025-01-01,3993543.1974888,2966554.25790894,345
3373,2025-01-01,4015926.33149171,2986226.28354057,345
3384,2025-01-01,3980186.19178819,2962816.15870217,345
3393,2025-01-01,3983923.02872743,2959067.2565175,345
3395,2025-01-01,3990650.13529092,2973990.57031193,345
3424,2025-01-01,3989129.85869661,2941506.37852079,345
3425,2025-01-01,4039904.20124966,2957144.29515465,345
3438,2025-01-01,3982190.61130389,2949224.65894539,345
3446,2025-01-01,3979859.29576221,2961799.40013239,345
3452,2025-01-01,3991801.13705589,2942347.36629412,345
3455,2025-01-01,3983084.05492994,2956040.48405942,345
3463,2025-01-01,4036651.79814292,2964908.65228282,345
3478,2025-01-01,4039094.87453908,2964796.3397653,345
3485,2025-01-01,3988326.11929964,2945923.81193305,345
3488,2025-01-01,4039283.79442881,2962918.61831496,345
3491,2025-01-01,3997592.62488421,2973840.6811677,345
3511,2025-01-01,4022308.74648357,2974469.72618531,345
3559,2025-01-01,3985972.64141468,2953201.06911552,345
3568,2025-01-01,4019732.09922233,2951875.1341709,345
3584,2025-01-01,4023977.02458077,2973570.68018919,345
3588,2025-01-01,3974213.75165198,2930815.88699496,345
3593,2025-01-01,4023270.95175264,2953402.69939911,345
3602,2025-01-01,3983580.46847356,2959062.05378753,345
3630,2025-01-01,3998950.56175827,2979739.76966957,345
3643,2025-01-01,3983707.95528646,2945221.40999559,345
3644,2025-01-01,3982119.35933035,2946193.58688501,345
3646,2025-01-01,4019185.26061577,2985765.42543701,345
3659,2025-01-01,3998362.24342863,2976958.71675362,345
3668,2025-01-01,3992168.97438979,2969786.9371886,345
3676,2025-01-01,3977750.45016917,2928899.46288225,345
3690,2025-01-01,3991041.0353203,2974360.42383776,345
3692,2025-01-01,4032709.15695313,2956420.12820753,345
3710,2025-01-01,3972418.11640813,2930701.1537682,345
3723,2025-01-01,4043860.88521732,2956831.78316883,345
3735,2025-01-01,4031705.49596586,2956095.19870965,345
3747,2025-01-01,3983721.36246261,2946772.94435527,345
3754,2025-01-01,3987693.75188464,2969687.65556053,345
3759,2025-01-01,4023953.49020784,2954596.62959972,345
3801,2025-01-01,3991357.71032144,2973921.2873204,345
3805,2025-01-01,3977058.16998276,2925993.86114876,345
3814,2025-01-01,4006943.8432807,2944243.26423409,345
3829,2025-01-01,3993794.76428903,2948651.98052036,345
3834,2025-01-01,4022486.24567737,2981637.74717094,345
3847,2025-01-01,4003600.66785214,2947680.00263595,345
3851,2025-01-01,3990840.03578586,2976856.2536139,345
3872,2025-01-01,3982626.68127463,2958594.6088576,345
3873,2025-01-01,3981627.97969643,2959513.66932217,345
3876,2025-01-01,4014649.40798652,2967949.82444364,345
3890,2025-01-01,4037827.16238394,2958674.3264585,345
3893,2025-01-01,3991937.6540405,2971707.97036083,345
3896,2025-01-01,4020215.09223887,2951271.94227212,345
3926,2025-01-01,4023649.72681148,2973352.64613397,345
3931,2025-01-01,4034544.19600834,2966708.39406836,345
3936,2025-01-01,3973679.97060452,2928888.28090672,345
3950,2025-01-01,3992334.13513254,2943887.02006164,345
3962,2025-01-01,3991100.83503116,2948144.67416631,345
3976,2025-01-01,4016378.0354251,2950541.86993234,345
3985,2025-01-01,4036119.34167476,2960599.46205614,345
3997,2025-01-01,4021180.76829123,2953901.53439982,345
4021,2025-01-01,4001031.81798738,2946134.50098055,345
4036,2025-01-01,3993188.86303045,2966835.21951449,345
4040,2025-01-01,3978935.12722215,2927349.45801916,345
4044,2025-01-01,4033000.29209971,2956119.96820554,345
4056,2025-01-01,4020457.50740315,2953396.17767089,345
4064,2025-01-01,4019501.14914846,2986434.33659769,345
4068,2025-01-01,4021526.96331205,2954529.66435785,345
