"nom_court","nom_original"
"H-233 ","H-233     "
"H-746 ","H-746     "
"H-1095","H-1095    "
"H-1207","H-1207    "
"H-2477","H-2477    "
"H-608 ","H-608     "
"H-800 ","H-800     "
"H-2051","H-2051    "
"H-2099","H-2099    "
"H-747 ","H-747     "
"H-1147","H-1147    "
"H-2877","H-2877    "
"H-977 ","H-977     "
"H-1919","H-1919    "
"H-222 ","H-222     "
"H-228 ","H-228     "
"H-341 ","H-341     "
"H-1244","H-1244    "
"H-2956","H-2956    "
"H-2630","H-2630    "
"H-3411","H-3411    "
"H-1768","H-1768    "
"H-545 ","H-545     "
"H-2379","H-2379    "
"H-1262","H-1262    "
"H-876 ","H-876     "
"H-1756","H-1756    "
"H-1891","H-1891    "
"H-2083","H-2083    "
"H-2029","H-2029    "
"H-1597","H-1597    "
"H-2647","H-2647    "
"H-842 ","H-842     "
"H-91  ","H-91      "
"H-308 ","H-308     "
"H-1218","H-1218    "
"H-518 ","H-518     "
"H-947 ","H-947     "
"H-1827","H-1827    "
"H-1796","H-1796    "
"H-1460","H-1460    "
"H-1539","H-1539    "
"H-1909","H-1909    "
"H-1984","H-1984    "
"H-1985","H-1985    "
"H-1577","H-1577    "
"H-2593","H-2593    "
"H-2718","H-2718    "
"H-664 ","H-664     "
"H-1032","H-1032    "
"H-2054","H-2054    "
"H-2055","H-2055    "
"H-549 ","H-549     "
"H-1226","H-1226    "
"H-1156","H-1156    "
"H-2121","H-2121    "
"H-1466","H-1466    "
"H-3014","H-3014    "
"H-1001","H-1001    "
"H-1509","H-1509    "
"H-2420","H-2420    "
"H-2169","H-2169    "
"H-2197","H-2197    "
"H-51  ","H-51      "
"H-830 ","H-830     "
"H-115 ","H-115     "
"H-1701","H-1701    "
"H-1094","H-1094    "
"H-1998","H-1998    "
"H-1788","H-1788    "
"H-2343","H-2343    "
"H-25  ","H-25      "
"H-1638","H-1638    "
"H-504 ","H-504     "
"H-935 ","H-935     "
"H-1678","H-1678    "
"H-1743","H-1743    "
"H-808 ","H-808     "
"H-1896","H-1896    "
"H-2105","H-2105    "
"H-1374","H-1374    "
"H-3065","H-3065    "
"H-1342","H-1342    "
"H-1749","H-1749    "
"H-1310","H-1310    "
"H-1612","H-1612    "
"H-1748","H-1748    "
"H-2502","H-2502    "
"H-1191","H-1191    "
"H-2046","H-2046    "
"H-2246","H-2246    "
"H-1358","H-1358    "
"H-1983","H-1983    "
"H-546 ","H-546     "
"H-855 ","H-855     "
"H-83  ","H-83      "
"H-313 ","H-313     "
"H-953 ","H-953     "
"H-2115","H-2115    "
"H-3138","H-3138    "
"H-1553","H-1553    "
"H-2849","H-2849    "
"H-596 ","H-596     "
"H-2240","H-2240    "
"H-11  ","H-11      "
"H-55  ","H-55      "
"H-29  ","H-29      "
"H-48  ","H-48      "
"H-271 ","H-271     "
"H-2203","H-2203    "
"H-1144","H-1144    "
"H-2409","H-2409    "
"H-217 ","H-217     "
"H-1309","H-1309    "
"H-366 ","H-366     "
"H-378 ","H-378     "
"H-126 ","H-126     "
"H-437 ","H-437     "
"H-1605","H-1605    "
"H-525 ","H-525     "
"H-1024","H-1024    "
"H-1329","H-1329    "
"H-213 ","H-213     "
"H-720 ","H-720     "
"H-335 ","H-335     "
"H-1903","H-1903    "
"H-1398","H-1398    "
"H-1336","H-1336    "
"H-1175","H-1175    "
"H-1972","H-1972    "
"H-563 ","H-563     "
"H-780 ","H-780     "
"H-685 ","H-685     "
"H-1559","H-1559    "
"H-1451","H-1451    "
"H-1914","H-1914    "
"H-418 ","H-418     "
"H-886 ","H-886     "
"H-1236","H-1236    "
"H-1936","H-1936    "
"H-1058","H-1058    "
"H-1901","H-1901    "
"H-711 ","H-711     "
"H-531 ","H-531     "
"H-1836","H-1836    "
"H-2209","H-2209    "
"H-210 ","H-210     "
"H-252 ","H-252     "
"H-369 ","H-369     "
"H-1976","H-1976    "
"H-2089","H-2089    "
"H-2310","H-2310    "
"H-710 ","H-710     "
"H-2094","H-2094    "
"H-512 ","H-512     "
"H-759 ","H-759     "
"H-1289","H-1289    "
"H-2639","H-2639    "
"H-332 ","H-332     "
"H-1951","H-1951    "
"H-2798","H-2798    "
"H-1217","H-1217    "
"H-1625","H-1625    "
"H-141 ","H-141     "
"H-1610","H-1610    "
"H-523 ","H-523     "
"H-1297","H-1297    "
"H-2281","H-2281    "
"H-1565","H-1565    "
"H-1533","H-1533    "
"H-1994","H-1994    "
"H-254 ","H-254     "
"H-554 ","H-554     "
"H-355 ","H-355     "
"H-1264","H-1264    "
"H-2784","H-2784    "
"H-284 ","H-284     "
"H-617 ","H-617     "
"H-565 ","H-565     "
"H-1617","H-1617    "
"H-1427","H-1427    "
"H-2249","H-2249    "
"H-212 ","H-212     "
"H-200 ","H-200     "
"H-2164","H-2164    "
"H-1867","H-1867    "
"H-1199","H-1199    "
"H-1392","H-1392    "
"H-1369","H-1369    "
"H-1624","H-1624    "
"H-1643","H-1643    "
"H-382 ","H-382     "
"H-2145","H-2145    "
"H-925 ","H-925     "
"H-671 ","H-671     "
"H-1734","H-1734    "
"H-1238","H-1238    "
"H-1526","H-1526    "
"H-1742","H-1742    "
"H-1764","H-1764    "
